{
    "reservations": [
        {
            "serialNumber": "000001",
            "name": "Natasha Nayak",
            "phone": "319497445",
            "timestamp": "2022-02-01T16:14:16.782Z",
            "seat": "6"
        },
        {
            "serialNumber": "000002",
            "name": "Arjun Srivastava",
            "phone": "147875254",
            "timestamp": "2022-02-01T11:06:26.782Z",
            "seat": "3"
        },
        {
            "serialNumber": "000003",
            "name": "Yaduveer Singh Jadeja ",
            "phone": "9742059462",
            "timestamp": "2022-02-01T14:25:52.782Z",
            "seat": "7"
        },
        {
            "serialNumber": "000004",
            "name": "Mayank Mittal",
            "phone": "972170543",
            "timestamp": "2022-02-01T10:18:21.782Z",
            "seat": "12"
        },
        {
            "serialNumber": "0000005",
            "name": "Sivaramakrishnan Bhardwaj ",
            "phone": "357864028",
            "timestamp": "2022-02-01T19:36:09.782Z",
            "seat": "9"
        },
        {
            "serialNumber": "f3xShFlM2kpuJbxUHmWVI",
            "name": "Taylor Swift",
            "phone": "3060033",
            "timeStamp": "2022-02-27T00:19:01.982Z",
            "seat": "21"
        }
    ]
}